sep=;
sku;barcode;nama_produk;kategori;deskripsi;url_foto;harga_jual;harga_modal;stok;stok_minimum;lacak_stok;aktif;sku_shopee;sku_tiktok;sku_tokopedia;sku_website;berat_gram;panjang_cm;lebar_cm;tinggi_cm;isi_set
Gd-415-12-FIZ;;Gear Depan Yamaha Fiz R Rx King GNNK Racing Product;GEAR-DEPAN-FIZR-BLACK;;;;;;;ya;ya;;;;;100;;;;
Gd-415-13-FIZ;;Gear Depan Yamaha Fiz R Rx King GNNK Racing Product;GEAR-DEPAN-FIZR-BLACK;;;;;;;ya;ya;;;;;;;;;
Gd-415-14-FIZ;;Gear Depan Yamaha Fiz R Rx King GNNK Racing Product;GEAR-DEPAN-FIZR-BLACK;;;;;;;ya;ya;;;;;;;;;
Gd-415-15-FIZ;;Gear Depan Yamaha Fiz R Rx King GNNK Racing Product;GEAR-DEPAN-FIZR-BLACK;;;;;;;ya;ya;;;;;;;;;
Gd-415-16-FIZ;;Gear Depan Yamaha Fiz R Rx King GNNK Racing Product;GEAR-DEPAN-FIZR-BLACK;;;;;;;ya;ya;;;;;;;;;
Gd-415-17-FIZ;;Gear Depan Yamaha Fiz R Rx King GNNK Racing Product;GEAR-DEPAN-FIZR-BLACK;;;;;;;ya;ya;;;;;;;;;
Gb-415-30F-Black;;Gear Belakang Yamaha Fiz R Rx King GNNK Racing Product;GEAR-BLKNG-FIZR-BLACK;;;175000;;;;ya;ya;;;;;;;;;
Gb-415-33F-Black;;Gear Belakang Yamaha Fiz R Rx King GNNK Racing Product;GEAR-BLKNG-FIZR-BLACK;;;175000;;;;ya;ya;;;;;;;;;
Gb-415-34F-Black;;Gear Belakang Yamaha Fiz R Rx King GNNK Racing Product;GEAR-BLKNG-FIZR-BLACK;;;175000;;;;ya;ya;;;;;;;;;
Gb-415-35F-Black;;Gear Belakang Yamaha Fiz R Rx King GNNK Racing Product;GEAR-BLKNG-FIZR-BLACK;;;185000;;;;ya;ya;;;;;;;;;
Gb-415-36F-Black;;Gear Belakang Yamaha Fiz R Rx King GNNK Racing Product;GEAR-BLKNG-FIZR-BLACK;;;185000;;;;ya;ya;;;;;;;;;
Gb-415-37F-Black;;Gear Belakang Yamaha Fiz R Rx King GNNK Racing Product;GEAR-BLKNG-FIZR-BLACK;;;185000;;;;ya;ya;;;;;;;;;
Gb-415-38F-Black;;Gear Belakang Yamaha Fiz R Rx King GNNK Racing Product;GEAR-BLKNG-FIZR-BLACK;;;185000;;;;ya;ya;;;;;;;;;
Gb-415-39F-Black;;Gear Belakang Yamaha Fiz R Rx King GNNK Racing Product;GEAR-BLKNG-FIZR-BLACK;;;185000;;;;ya;ya;;;;;;;;;
Gb-415-40F-Black;;Gear Belakang Yamaha Fiz R Rx King GNNK Racing Product;GEAR-BLKNG-FIZR-BLACK;;;185000;;;;ya;ya;;;;;;;;;
Gb-415-41F-Black;;Gear Belakang Yamaha Fiz R Rx King GNNK Racing Product;GEAR-BLKNG-FIZR-BLACK;;;195000;;;;ya;ya;;;;;;;;;
Gb-415-42F-Black;;Gear Belakang Yamaha Fiz R Rx King GNNK Racing Product;GEAR-BLKNG-FIZR-BLACK;;;195000;;;;ya;ya;;;;;;;;;
Gb-415-43F-Black;;Gear Belakang Yamaha Fiz R Rx King GNNK Racing Product;GEAR-BLKNG-FIZR-BLACK;;;195000;;;;ya;ya;;;;;;;;;
Gb-415-44F-Black;;Gear Belakang Yamaha Fiz R Rx King GNNK Racing Product;GEAR-BLKNG-FIZR-BLACK;;;195000;;;;ya;ya;;;;;;;;;
Gb-415-45F-Black;;Gear Belakang Yamaha Fiz R Rx King GNNK Racing Product;GEAR-BLKNG-FIZR-BLACK;;;195000;;;;ya;ya;;;;;;;;;
Gb-415-46F-Black;;Gear Belakang Yamaha Fiz R Rx King GNNK Racing Product;GEAR-BLKNG-FIZR-BLACK;;;205000;;;;ya;ya;;;;;;;;;
Gb-415-47F-Black;;Gear Belakang Yamaha Fiz R Rx King GNNK Racing Product;GEAR-BLKNG-FIZR-BLACK;;;205000;;;;ya;ya;;;;;;;;;
G-415-130l;;RANTAI - 415 GOLD;RANTAI TYPE 415;;;;;;;ya;ya;;;;;;;;;
G-415/12-30Black+R;;Gear Set Yamaha Fiz R Rx King Black GNNK Racing Product;;;;;;;;ya;ya;;;;;;;;;Gd-415-12-FIZ, Gb-415-30F-Black, G-415-130l
G-415/13-30Black+R;;Gear Set Yamaha Fiz R Rx King Black GNNK Racing Product;;;;;;;;ya;ya;;;;;;;;;Gd-415-13-FIZ, Gb-415-30F-Black, G-415-130l
G-415/14-30Black+R;;Gear Set Yamaha Fiz R Rx King Black GNNK Racing Product;;;;;;;;ya;ya;;;;;;;;;Gd-415-14-FIZ, Gb-415-30F-Black, G-415-130l
G-415/15-30Black+R;;Gear Set Yamaha Fiz R Rx King Black GNNK Racing Product;;;;;;;;ya;ya;;;;;;;;;Gd-415-15-FIZ, Gb-415-30F-Black, G-415-130l
G-415/16-30Black+R;;Gear Set Yamaha Fiz R Rx King Black GNNK Racing Product;;;;;;;;ya;ya;;;;;;;;;Gd-415-16-FIZ, Gb-415-30F-Black, G-415-130l
G-415/17-30Black+R;;Gear Set Yamaha Fiz R Rx King Black GNNK Racing Product;;;;;;;;ya;ya;;;;;;;;;Gd-415-17-FIZ, Gb-415-30F-Black, G-415-130l
G-415/15-33Black+R;;Gear Set Yamaha Fiz R Rx King GNNK Racing Product;;;;;;;;ya;ya;;;;;;;;;Gd-415-15-FIZ, Gb-415-33F-Black, G-415-130l
G-415/15-38Black+R;;Gear Set Yamaha Fiz R Rx King GNNK Racing Product;;;;;;;;ya;ya;;;;;;;;;Gd-415-15-FIZ, Gb-415-38F-Black, G-415-130l
G-415/15-45Black+R;;Gear Set Yamaha Fiz R Rx King GNNK Racing Product;;;;;;;;ya;ya;;;;;;;;;Gd-415-15-FIZ, Gb-415-45F-Black, G-415-130l
G-415/15-39Black+R;;Gear Set Yamaha Fiz R Rx King GNNK Racing Product;;;;;;;;ya;ya;;;;;;;;;Gd-415-15-FIZ, Gb-415-39F-Black, G-415-130l
G-415/14-41Black+R;;Gear Set Yamaha Fiz R Rx King GNNK Racing Product;;;;;;;;ya;ya;;;;;;;;;Gd-415-14-FIZ, Gb-415-41F-Black, G-415-130l
G-415/15-47Black+R;;Gear Set Yamaha Fiz R Rx King GNNK Racing Product;;;;;;;;ya;ya;;;;;;;;;Gd-415-15-FIZ, Gb-415-47F-Black, G-415-130l
G-415/16-33Black+R;;Gear Set Yamaha Fiz R Rx King GNNK Racing Product;;;;;;;;ya;ya;;;;;;;;;Gd-415-16-FIZ, Gb-415-33F-Black, G-415-130l
G-415/12-46Black+R;;Gear Set Yamaha Fiz R Rx King GNNK Racing Product;;;;;;;;ya;ya;;;;;;;;;Gd-415-12-FIZ, Gb-415-46F-Black, G-415-130l
G-415/14-35Black+R;;Gear Set Yamaha Fiz R Rx King GNNK Racing Product;;;;;;;;ya;ya;;;;;;;;;Gd-415-14-FIZ, Gb-415-35F-Black, G-415-130l
G-415/15-35Black+R;;Gear Set Yamaha Fiz R Rx King GNNK Racing Product;;;;;;;;ya;ya;;;;;;;;;Gd-415-15-FIZ, Gb-415-35F-Black, G-415-130l
G-415/13-34Black+R;;Gear Set Yamaha Fiz R Rx King GNNK Racing Product;;;;;;;;ya;ya;;;;;;;;;Gd-415-13-FIZ, Gb-415-34F-Black, G-415-130l
G-415/15-44Black+R;;Gear Set Yamaha Fiz R Rx King GNNK Racing Product;;;;;;;;ya;ya;;;;;;;;;Gd-415-15-FIZ, Gb-415-44F-Black, G-415-130l
G-415/13-42Black+R;;Gear Set Yamaha Fiz R Rx King GNNK Racing Product;;;;;;;;ya;ya;;;;;;;;;Gd-415-13-FIZ, Gb-415-42F-Black, G-415-130l
G-415/16-40Black+R;;Gear Set Yamaha Fiz R Rx King GNNK Racing Product;;;;;;;;ya;ya;;;;;;;;;Gd-415-16-FIZ, Gb-415-40F-Black, G-415-130l
G-415/14-34Black+R;;Gear Set Yamaha Fiz R Rx King GNNK Racing Product;;;;;;;;ya;ya;;;;;;;;;Gd-415-14-FIZ, Gb-415-34F-Black, G-415-130l
G-415/16-37Black+R;;Gear Set Yamaha Fiz R Rx King GNNK Racing Product;;;;;;;;ya;ya;;;;;;;;;Gd-415-16-FIZ, Gb-415-37F-Black, G-415-130l
G-415/15-40Black+R;;Gear Set Yamaha Fiz R Rx King GNNK Racing Product;;;;;;;;ya;ya;;;;;;;;;Gd-415-15-FIZ, Gb-415-40F-Black, G-415-130l
G-415/16-35Black+R;;Gear Set Yamaha Fiz R Rx King GNNK Racing Product;;;;;;;;ya;ya;;;;;;;;;Gd-415-16-FIZ, Gb-415-35F-Black, G-415-130l
G-415/14-38Black+R;;Gear Set Yamaha Fiz R Rx King GNNK Racing Product;;;;;;;;ya;ya;;;;;;;;;Gd-415-14-FIZ, Gb-415-38F-Black, G-415-130l
G-415/12-34Black+R;;Gear Set Yamaha Fiz R Rx King GNNK Racing Product;;;;;;;;ya;ya;;;;;;;;;Gd-415-12-FIZ, Gb-415-34F-Black, G-415-130l
G-415/12-47Black+R;;Gear Set Yamaha Fiz R Rx King GNNK Racing Product;;;;;;;;ya;ya;;;;;;;;;Gd-415-12-FIZ, Gb-415-47F-Black, G-415-130l
G-415/14-45Black+R;;Gear Set Yamaha Fiz R Rx King GNNK Racing Product;;;;;;;;ya;ya;;;;;;;;;Gd-415-14-FIZ, Gb-415-45F-Black, G-415-130l
G-415/13-46Black+R;;Gear Set Yamaha Fiz R Rx King GNNK Racing Product;;;;;;;;ya;ya;;;;;;;;;Gd-415-13-FIZ, Gb-415-46F-Black, G-415-130l
G-415/15-41Black+R;;Gear Set Yamaha Fiz R Rx King GNNK Racing Product;;;;;;;;ya;ya;;;;;;;;;Gd-415-15-FIZ, Gb-415-41F-Black, G-415-130l
G-415/14-42Black+R;;Gear Set Yamaha Fiz R Rx King GNNK Racing Product;;;;;;;;ya;ya;;;;;;;;;Gd-415-14-FIZ, Gb-415-42F-Black, G-415-130l
G-415/16-46Black+R;;Gear Set Yamaha Fiz R Rx King GNNK Racing Product;;;;;;;;ya;ya;;;;;;;;;Gd-415-16-FIZ, Gb-415-46F-Black, G-415-130l
G-415/13-38Black+R;;Gear Set Yamaha Fiz R Rx King GNNK Racing Product;;;;;;;;ya;ya;;;;;;;;;Gd-415-13-FIZ, Gb-415-38F-Black, G-415-130l
G-415/15-34Black+R;;Gear Set Yamaha Fiz R Rx King GNNK Racing Product;;;;;;;;ya;ya;;;;;;;;;Gd-415-15-FIZ, Gb-415-34F-Black, G-415-130l
G-415/13-36Black+R;;Gear Set Yamaha Fiz R Rx King GNNK Racing Product;;;;;;;;ya;ya;;;;;;;;;Gd-415-13-FIZ, Gb-415-36F-Black, G-415-130l
G-415/16-47Black+R;;Gear Set Yamaha Fiz R Rx King GNNK Racing Product;;;;;;;;ya;ya;;;;;;;;;Gd-415-16-FIZ, Gb-415-47F-Black, G-415-130l
G-415/12-42Black+R;;Gear Set Yamaha Fiz R Rx King GNNK Racing Product;;;;;;;;ya;ya;;;;;;;;;Gd-415-12-FIZ, Gb-415-42F-Black, G-415-130l
G-415/16-43Black+R;;Gear Set Yamaha Fiz R Rx King GNNK Racing Product;;;;;;;;ya;ya;;;;;;;;;Gd-415-16-FIZ, Gb-415-43F-Black, G-415-130l
G-415/13-37Black+R;;Gear Set Yamaha Fiz R Rx King GNNK Racing Product;;;;;;;;ya;ya;;;;;;;;;Gd-415-13-FIZ, Gb-415-37F-Black, G-415-130l
G-415/13-43Black+R;;Gear Set Yamaha Fiz R Rx King GNNK Racing Product;;;;;;;;ya;ya;;;;;;;;;Gd-415-13-FIZ, Gb-415-43F-Black, G-415-130l
G-415/16-38Black+R;;Gear Set Yamaha Fiz R Rx King GNNK Racing Product;;;;;;;;ya;ya;;;;;;;;;Gd-415-16-FIZ, Gb-415-38F-Black, G-415-130l
G-415/12-36Black+R;;Gear Set Yamaha Fiz R Rx King GNNK Racing Product;;;;;;;;ya;ya;;;;;;;;;Gd-415-12-FIZ, Gb-415-36F-Black, G-415-130l
G-415/16-45Black+R;;Gear Set Yamaha Fiz R Rx King GNNK Racing Product;;;;;;;;ya;ya;;;;;;;;;Gd-415-16-FIZ, Gb-415-45F-Black, G-415-130l
G-415/14-43Black+R;;Gear Set Yamaha Fiz R Rx King GNNK Racing Product;;;;;;;;ya;ya;;;;;;;;;Gd-415-14-FIZ, Gb-415-43F-Black, G-415-130l
G-415/12-33Black+R;;Gear Set Yamaha Fiz R Rx King GNNK Racing Product;;;;;;;;ya;ya;;;;;;;;;Gd-415-12-FIZ, Gb-415-33F-Black, G-415-130l
G-415/12-43Black+R;;Gear Set Yamaha Fiz R Rx King GNNK Racing Product;;;;;;;;ya;ya;;;;;;;;;Gd-415-12-FIZ, Gb-415-43F-Black, G-415-130l
G-415/13-44Black+R;;Gear Set Yamaha Fiz R Rx King GNNK Racing Product;;;;;;;;ya;ya;;;;;;;;;Gd-415-13-FIZ, Gb-415-44F-Black, G-415-130l
G-415/13-41Black+R;;Gear Set Yamaha Fiz R Rx King GNNK Racing Product;;;;;;;;ya;ya;;;;;;;;;Gd-415-13-FIZ, Gb-415-41F-Black, G-415-130l
G-415/15-46Black+R;;Gear Set Yamaha Fiz R Rx King GNNK Racing Product;;;;;;;;ya;ya;;;;;;;;;Gd-415-15-FIZ, Gb-415-46F-Black, G-415-130l
G-415/14-46Black+R;;Gear Set Yamaha Fiz R Rx King GNNK Racing Product;;;;;;;;ya;ya;;;;;;;;;Gd-415-14-FIZ, Gb-415-46F-Black, G-415-130l
G-415/12-39Black+R;;Gear Set Yamaha Fiz R Rx King GNNK Racing Product;;;;;;;;ya;ya;;;;;;;;;Gd-415-12-FIZ, Gb-415-39F-Black, G-415-130l
G-415/16-42Black+R;;Gear Set Yamaha Fiz R Rx King GNNK Racing Product;;;;;;;;ya;ya;;;;;;;;;Gd-415-16-FIZ, Gb-415-42F-Black, G-415-130l
G-415/13-35Black+R;;Gear Set Yamaha Fiz R Rx King GNNK Racing Product;;;;;;;;ya;ya;;;;;;;;;Gd-415-13-FIZ, Gb-415-35F-Black, G-415-130l
G-415/13-39Black+R;;Gear Set Yamaha Fiz R Rx King GNNK Racing Product;;;;;;;;ya;ya;;;;;;;;;Gd-415-13-FIZ, Gb-415-39F-Black, G-415-130l
G-415/12-38Black+R;;Gear Set Yamaha Fiz R Rx King GNNK Racing Product;;;;;;;;ya;ya;;;;;;;;;Gd-415-12-FIZ, Gb-415-38F-Black, G-415-130l
G-415/15-36Black+R;;Gear Set Yamaha Fiz R Rx King GNNK Racing Product;;;;;;;;ya;ya;;;;;;;;;Gd-415-15-FIZ, Gb-415-36F-Black, G-415-130l
G-415/14-40Black+R;;Gear Set Yamaha Fiz R Rx King GNNK Racing Product;;;;;;;;ya;ya;;;;;;;;;Gd-415-14-FIZ, Gb-415-40F-Black, G-415-130l
G-415/12-35Black+R;;Gear Set Yamaha Fiz R Rx King GNNK Racing Product;;;;;;;;ya;ya;;;;;;;;;Gd-415-12-FIZ, Gb-415-35F-Black, G-415-130l
G-415/13-47Black+R;;Gear Set Yamaha Fiz R Rx King GNNK Racing Product;;;;;;;;ya;ya;;;;;;;;;Gd-415-13-FIZ, Gb-415-47F-Black, G-415-130l
G-415/12-40Black+R;;Gear Set Yamaha Fiz R Rx King GNNK Racing Product;;;;;;;;ya;ya;;;;;;;;;Gd-415-12-FIZ, Gb-415-40F-Black, G-415-130l
G-415/14-36Black+R;;Gear Set Yamaha Fiz R Rx King GNNK Racing Product;;;;;;;;ya;ya;;;;;;;;;Gd-415-14-FIZ, Gb-415-36F-Black, G-415-130l
G-415/14-37Black+R;;Gear Set Yamaha Fiz R Rx King GNNK Racing Product;;;;;;;;ya;ya;;;;;;;;;Gd-415-14-FIZ, Gb-415-37F-Black, G-415-130l
G-415/16-36Black+R;;Gear Set Yamaha Fiz R Rx King GNNK Racing Product;;;;;;;;ya;ya;;;;;;;;;Gd-415-16-FIZ, Gb-415-36F-Black, G-415-130l
G-415/12-37Black+R;;Gear Set Yamaha Fiz R Rx King GNNK Racing Product;;;;;;;;ya;ya;;;;;;;;;Gd-415-12-FIZ, Gb-415-37F-Black, G-415-130l
G-415/14-47Black+R;;Gear Set Yamaha Fiz R Rx King GNNK Racing Product;;;;;;;;ya;ya;;;;;;;;;Gd-415-14-FIZ, Gb-415-47F-Black, G-415-130l
G-415/16-39Black+R;;Gear Set Yamaha Fiz R Rx King GNNK Racing Product;;;;;;;;ya;ya;;;;;;;;;Gd-415-16-FIZ, Gb-415-39F-Black, G-415-130l
G-415/12-41Black+R;;Gear Set Yamaha Fiz R Rx King GNNK Racing Product;;;;;;;;ya;ya;;;;;;;;;Gd-415-12-FIZ, Gb-415-41F-Black, G-415-130l
G-415/16-41Black+R;;Gear Set Yamaha Fiz R Rx King GNNK Racing Product;;;;;;;;ya;ya;;;;;;;;;Gd-415-16-FIZ, Gb-415-41F-Black, G-415-130l
G-415/13-40Black+R;;Gear Set Yamaha Fiz R Rx King GNNK Racing Product;;;;;;;;ya;ya;;;;;;;;;Gd-415-13-FIZ, Gb-415-40F-Black, G-415-130l
G-415/14-39Black+R;;Gear Set Yamaha Fiz R Rx King GNNK Racing Product;;;;;;;;ya;ya;;;;;;;;;Gd-415-14-FIZ, Gb-415-39F-Black, G-415-130l
G-415/14-33Black+R;;Gear Set Yamaha Fiz R Rx King GNNK Racing Product;;;;;;;;ya;ya;;;;;;;;;Gd-415-14-FIZ, Gb-415-33F-Black, G-415-130l
G-415/13-45Black+R;;Gear Set Yamaha Fiz R Rx King GNNK Racing Product;;;;;;;;ya;ya;;;;;;;;;Gd-415-13-FIZ, Gb-415-45F-Black, G-415-130l
G-415/12-45Black+R;;Gear Set Yamaha Fiz R Rx King GNNK Racing Product;;;;;;;;ya;ya;;;;;;;;;Gd-415-12-FIZ, Gb-415-45F-Black, G-415-130l
G-415/16-34Black+R;;Gear Set Yamaha Fiz R Rx King GNNK Racing Product;;;;;;;;ya;ya;;;;;;;;;Gd-415-16-FIZ, Gb-415-34F-Black, G-415-130l
G-415/16-44Black+R;;Gear Set Yamaha Fiz R Rx King GNNK Racing Product;;;;;;;;ya;ya;;;;;;;;;Gd-415-16-FIZ, Gb-415-44F-Black, G-415-130l
G-415/15-42Black+R;;Gear Set Yamaha Fiz R Rx King GNNK Racing Product;;;;;;;;ya;ya;;;;;;;;;Gd-415-15-FIZ, Gb-415-42F-Black, G-415-130l
G-415/12-44Black+R;;Gear Set Yamaha Fiz R Rx King GNNK Racing Product;;;;;;;;ya;ya;;;;;;;;;Gd-415-12-FIZ, Gb-415-44F-Black, G-415-130l
G-415/14-44Black+R;;Gear Set Yamaha Fiz R Rx King GNNK Racing Product;;;;;;;;ya;ya;;;;;;;;;Gd-415-14-FIZ, Gb-415-44F-Black, G-415-130l
G-415/15-37Black+R;;Gear Set Yamaha Fiz R Rx King GNNK Racing Product;;;;;;;;ya;ya;;;;;;;;;Gd-415-15-FIZ, Gb-415-37F-Black, G-415-130l
G-415/15-43Black+R;;Gear Set Yamaha Fiz R Rx King GNNK Racing Product;;;;;;;;ya;ya;;;;;;;;;Gd-415-15-FIZ, Gb-415-43F-Black, G-415-130l
G-415/13-33Black+R;;Gear Set Yamaha Fiz R Rx King GNNK Racing Product;;;;;;;;ya;ya;;;;;;;;;Gd-415-13-FIZ, Gb-415-33F-Black, G-415-130l
